{"cameraMode":{"drawMode":0,"name":"Shaded","section":"Shading Mode"},"sceneLighting":true,"audioPlay":false,"sceneViewState":{"m_AlwaysRefresh":false,"showFog":true,"showSkybox":true,"showFlares":true,"showImageEffects":true,"showParticleSystems":true,"showVisualEffectGraphs":true,"m_FxEnabled":true},"in2DMode":false,"pivot":{"x":-2.8286356925964357,"y":4.254376411437988,"z":3.778620481491089},"rotation":{"x":0.0598285049200058,"y":-0.18311768770217896,"z":0.01116257719695568,"w":0.9812154173851013},"size":15.091607093811036,"orthographic":false}